,model,best_score
6,logistic_regression,0.6947368421052632
2,random_forest,0.6789473684210525
0,svc,0.6526315789473683
1,svr,0.4829781501084338
3,decision_tree_classifier,0.47368421052631576
5,linear_regression,0.39211080168291296
7,lasso,-0.014198221646795428
4,decision_tree_regressor,-0.2777993809118354
